Title,Company,Location
Training & Quality Data Analyst,STARTEK,Remote
Data Analyst,OBMedia,Remote
newData Analyst,VC ERP Consulting,Remote
newData Analyst (remote),Fitbod,"Remote in San Francisco, CA"
Observability Engineering - Data Analyst - Opportunity for W...,VMware,"Remote in Manchester, NH+39 locations"
newEntry Level - Data Analyst,General Motors,"Remote in Warren, MI+3 locations"
Data Analyst â€“ Enterprise Data,Microsoft,"Remote in Redmond, WA"
Data Analyst,Integration Developer Network LLC,Remote
Jr. Data Analyst,Armorblox,Remote
Data Analyst,Craneware,Remote
newEntry-Level Data Analyst,National Student Clearinghouse,"Remote in Herndon, VA"
Data Analyst,CDC Foundation,Remote
"newAI | Analyst, Data Analytics",Randall-Reilly,Remote in Georgia
"newAI | Analyst, Data Analytics",Hermann Transportation Services,Remote in Georgia
newData Analyst,System1,"Remote in Seattle, WA+1 location"
